CHAUSSON MATX/AIGURANDE; 684771; Oui; Non
SAINT LEONARD MATERIAUX; 685226; Non; Oui
BAUDE BILLET M.T.C.; 685234; Oui; Non
CCL COLOMIERS; 275783; Non; Oui
CHAUSSON MATX/COLOMIERS 1; 685471; Non; Oui
CHAUSSON SO RABASTENS; 11794; Non; Oui
INDUSTRIE PREFAB. NEGOCE; 685841; Non; Oui
CF DISTRIBUTION; 685951; Non; Oui
AUX  MILLE ET UNE TEINTES; 686118; Non; Oui
BIGMAT DANTHON MATERIAUX VIRIEU; 686728; Oui; Non
MATERIAUX SIMC VITROLLES (PPI); 724279; Non; Oui
CHAUSSON MATX/VOUNEUIL; 687293; Non; Oui
VM DISTRIBUTION VOUNEUIL; 687302; Oui; Non
DOUSSELIN&GEOFFRAY JACQUET; 687458; Non; Oui
GEDIMAT FAREL-CLAVEL ROCHEFORT; 687569; Oui; Non
BARNIER TP TRANSPORTS; 688246; Non; Oui
M+ ROQUES; 688374; Non; Oui
AUBER CARRELAGE; 688610; Non; Oui
SOCAMAC AURILLAC; 689393; Non; Oui
DISTRIB RURAL TECHNIC DRT MAROLLES; 689674; Non; Oui
SELIMAT; 691025; Oui; Non
CHAUSSON MATX/FONSEGRIVE; 691349; Non; Oui
MOUSSE ROBERT; 691528; Non; Oui
BATTAGLIA-SOUMEILHAN SARL; 692191; Non; Oui
POINT P TROUILLARD SA TERRIERE; 692231; Non; Oui
CHAUSSON MATX/ST DOULCHARD; 692334; Non; Oui
PANOFRANCE BOURGES; 692339; Non; Oui
LES MATERIAUX MODERNES; 693415; Non; Oui
D.B.M MAT ST GILLES; 693568; Non; Oui
ALKERN NORD LES ANDELYS; 693575; Non; Oui
CHAUSSON MATX/ANNECY; 694049; Oui; Non
CHAUSSON MATX/NIORT (GROS OEUVRE); 694167; Non; Oui
DIDIER MATERIAUX VALENCE; 694680; Oui; Non
POINT P LA MERIDIONALE FORMIGUERES; 694786; Oui; Non
POINT P - BMCE 4047 ST JUNIEN; 695005; Non; Oui
CHADAPAUX S A; 695440; Non; Oui
POINT P - DOCKS DE L'OISE BOHAIN; 695598; Non; Oui
S.E.I. SA; 695773; Non; Oui
COMASUD (POINT P GAREOULT); 695908; Non; Oui
POINT P LA MERIDIONALE BOLQUERE; 695932; Oui; Non
BDM - YVON & FILS - SARGE LES LE MA; 298738; Non; Oui
SFIC GENNEVILLIERS THERMIQUE; 696170; Non; Oui
POINT P - BMSO FLOIRAC; 696348; Oui; Non
AU FORUM DU BATIMENT ST OUEN; 697320; Non; Oui
SAMSE - MONTPEZAT 810; 697420; Oui; Non
GREGOIRE ETS; 697584; Non; Oui
SEREP SARL BOURG ST MAURICE; 697849; Non; Oui
SAMSE GROUPE - GRENOBLE; 697921; Non; Oui
LA BOITE A OUTILS; 698702; Non; Oui
SAMSE PLATEFORME LOG APPRO; 698705; Non; Oui
CHAUSSON MATX/ST ALBAN CARRELAGES; 698757; Non; Oui
C.F.C.M.C. CIE FSE CAMIONAG; 699463; Non; Oui
JOLY LOCATION SARL; 699638; Oui; Oui
ROY  (ETS)  SCIERIE; 10375; Non; Oui
NOUVOBOIS MATERIAUX SARL; 700175; Oui; Non
POINT P - BMSO 3689 NIORT; 700206; Oui; Non
CHAUSSON MATX CARRELAGES/JUVIGNAC; 700394; Non; Oui
VM PLATEFORME MATERIAUX; 700556; Non; Oui
POINT P LA MERIDIONALE-MAT+ SERNHAC; 700770; Oui; Non
MULTI SERVICE BRICOLAGE SA; 701227; Oui; Non
SAUNIER ETS; 701427; Non; Oui
CHAUSSON MATX/CHALON; 701907; Non; Oui
BRAY CHARLY SUR MARNE; 702569; Oui; Non
PERCY MATERIAUX; 703013; Non; Oui
MATERIAUX SIMC LA GARDE; 703217; Non; Oui
BILLORE MATERIAUX SARL; 703327; Non; Oui
BONIFAY  LA LONDE; 703480; Non; Oui
TOUJAS & COLL - PAU; 703946; Non; Oui
CHAUSSON MATX/PAZIOLS; 704108; Oui; Non
RUAUX AGRICOLE ETS ST PIERRE SUR D.; 704211; Non; Oui
SAS MATERIAUX CARRELAGE MIDI; 704673; Oui; Oui
CHAUSSON MATX/PINSAGUEL; 704835; Non; Oui
LABENNE ROUGIER SNC LA TESTE; 704866; Non; Oui
LABENNE ROUGIER SNC LACANAU; 705066; Non; Oui
DECO PAV - CERAMICUM; 705297; Non; Oui
SAMSE - LARGENTIERE; 705537; Oui; Non
CHAUSSON MATX/P-FORME LAVAUR AUTO; 705650; Non; Oui
SAMSE - MDA; 705719; Non; Oui
IDF PLANCHERS SAS; 705761; Non; Oui
CHAUSSON MATX/PORTES LES VALENCE; 705850; Non; Oui
BIGMAT KILBURG - LE TEIL; 707492; Oui; Oui
CHAUSSON MATX/LIMOGES; 707978; Non; Oui
GIRARDON MATERIAUX - AMPUIS; 708170; Non; Oui
ALPES COULEUR DECORATION; 748132; Non; Oui
GIRARDON MATERIAUX - ST PRIEST; 763461; Non; Oui
BATIBOIS ALSACE; 11476; Non; Oui
PONTCHARRA MATERIAUX - SMCP; 771961; Non; Oui
GABRIEL * SAS ISSOIRE; 20900; Non; Oui
CIBA OUARY; 11082; Non; Oui
HENRY PIERRE ET FILS; 86446; Non; Oui
LOIRE MATERIAUX SORBIERS; 10934; Non; Oui
VETERMAT BORDEAUX; 794809; Non; Oui
PANOFRANCE FOUSSIER LE MANS; 11552; Oui; Non
LANCERY SAFIRE; 12002; Non; Oui
CUB SAS; 803203; Non; Oui
CHAUSSON SE NOYAREY; 977113; Non; Oui
BOYE (ETS)*    BORDEAUX; 10707; Non; Oui
MARMANDE MOUSSE (EURL); 845086; Non; Oui
ENDUIT DIFFUSION 78 BATVERT; 847140; Non; Oui
CAYREYRE PONT DE LABEAUME; 848753; Oui; Oui
MILLIANE S.A. MAZERES; 848760; Non; Oui
BRICO ARIZE FOURNIE ET FILS LE MAS; 848761; Non; Oui
SA LES BOIS CABANNAIS LES CABANNES; 848762; Non; Oui
BERTRAND MATERIAUX LAISSAC; 848776; Non; Oui
BRUNET MATERIAUX JURQUES; 848802; Oui; Non
FOURGEAUD MATERIAUX ROUMAZIERES LOU; 848827; Non; Oui
BOIS DECO LA ROCHELLE; 848839; Non; Oui
ARCOURT ET FILS PONS; 848868; Non; Oui
JEANNEAU SA PONS; 848869; Non; Oui
BATILOISIRS BIGMAT CHATEAUMEILLANT; 848878; Non; Oui
BOUDARD * GOUZON; 10478; Non; Oui
CMC CORBIER MATERIAUX CHAMBORIGAUD; 848996; Oui; Non
RAMONDOU & FILS ETS AYGUESVIVES; 849006; Non; Oui
RIU SARL BLM CONDOM; 849015; Non; Oui
SCCOBAPI SARL SAMATAN; 849017; Non; Oui
DALIES & FILS ETS CAZAUBON; 849018; Non; Oui
NOEL BERNARD MIELAN; 849019; Non; Oui
DATAS FRERES VIC FEZENSAC; 849020; Oui; Non
R. DALIES & FILS LIAS D'ARMAGNAC; 849021; Non; Oui
MARIBON FERRET VALENCE SUR BAISE; 849025; Oui; Non
RBS LA BOITE A OUTILS SAMSE GRENOBL; 849094; Non; Oui
STE  GEDIRALP REVENTIN VAUGRIS; 849095; Non; Oui
GEDIMAT - MONTAGNAT JARDIN; 849096; Oui; Non
PUISEAUX MATERIAUX; 1249749; Oui; Non
BONNEFOY PASCAL GRANDRIEU; 849172; Non; Oui
POINT P SONEN PONTORSON; 849177; Oui; Non
AVRANCHES MATERIAUX LE VAL ST PERE; 849180; Non; Oui
ISOPAR 59 SECLIN; 849274; Non; Oui
BATI SERVICE MONTIGNY EN OSTREVENT; 849278; Oui; Non
WACQUIER ET CIE SARL ORCHIES; 849282; Oui; Non
MEURANT  MAUBEUGE; 95892; Oui; Non
DESCAMPS MARCQ SAS; 55097; Oui; Non
PANOFRANCE LESQUIN; 849297; Non; Oui
VAILLANT NORRENT FONTES; 849309; Oui; Oui
MILBLED-WIMEZ LONGUENESSE; 849314; Oui; Oui
ARTOIS ISBERGUES; 849318; Oui; Oui
GOBLET FRERES ST MARTIN AU LAERT; 849323; Oui; Oui
LAMOUR ETAPLES; 849325; Non; Oui
PARTEDIS BOIS MATERIAUX CLERMONT; 849330; Non; Oui
JUSTIN BLEGER STRASBOURG; 849362; Oui; Non
TOUT POUR LA CONSTRUCTION; 849375; Non; Oui
POINT P CIBOMAT SA LEHMANN HAGUENAU; 849380; Non; Oui
CLAUSS MOSBACH MARLENHEIM; 849382; Non; Oui
DMBP DISPANO SCHWEIGHOUSE; 55039; Non; Oui
TUILERIE DE NIDERVILLER SAVERNE; 849387; Non; Oui
HEMONT MATERIAUX ALTKIRCH; 849393; Non; Oui
COMPTOIR DES BOIS ENSISHEIM; 849394; Non; Oui
LIMABAT HESINGUE; 849397; Non; Oui
RUNSER MICHELBACH LE HAUT; 849399; Non; Oui
DMBP DISPANO KINGERSHEIM; 361196; Non; Oui
HENNY SELIG JEBSHEIM; 849404; Non; Oui
OESTERLE SA LUTTERBACH; 849405; Non; Oui
ETABLISSEMENTS BAUEMLIN WALDIGHOFFE; 849409; Non; Oui
SAUTER ET CIE BLODELSHEIM; 849413; Non; Oui
SPIELMANN MATERIAUX BERGHEIM; 849414; Non; Oui
MERLI MOSAIQUE WILLER SUR THUR; 849415; Non; Oui
VIBRAYE MATERIAUX VIBRAYE; 849447; Non; Oui
LAMBERT MATERIAUX MAYET; 849448; Non; Oui
A.B.C. MATERIAUX LA FERTE BERNARD; 849450; Non; Oui
PITOIS CHAMPAGNE; 849451; Non; Oui
LANVERS MATERIAUX SAS NERNIER; 849459; Non; Oui
LARIVIERE CHELLES; 12440; Non; Oui
BESSIERE MATERIAUX VILLEFRANCHE D'A; 849529; Non; Oui
OCEANE DE MATX BIGMAT NOIRMOUTIER; 849555; Non; Oui
LIMOUSIN MATERIAUX; 1146144; Non; Oui
MESNIL MATERIAUX LE BLANC MESNIL; 849630; Oui; Non
ASTURIENNE  STE CATHERINE LES ARRAS; 12341; Oui; Oui
BOIS MAURIS ODDOS SEYSSINS; 10865; Non; Oui
PICARD MATERIAUX; 861710; Non; Oui
DMBP DISPANO ALFORTVILLE; 306463; Non; Oui
TANGUY MD SOURDEVAL; 889273; Oui; Non
MORIN LEVROUX; 893233; Non; Oui
AGYMAT; 893244; Non; Oui
QUEGUINER MATERIAUX SAS QUIMPERLE; 893885; Oui; Non
GIE BASE LOGISTIQUE; 896005; Non; Oui
PANOFRANCE MAILLAUD NANTES; 896879; Non; Oui
LABOISSIERE BOIS ET DERIVES; 896907; Non; Oui
DENIS MATERIAUX NORMANDIE MEAUTIS; 896929; Oui; Non
MATERIAUX DARNAND MARBOZ; 896942; Oui; Non
YENNE MATERIAUX YENNE; 896966; Non; Oui
DIGEMAT BARTENHEIM; 896985; Non; Oui
BARILLET CHATEAUNEUF SUR LOIRE; 896986; Non; Oui
DEMUSSI GUERET; 896988; Non; Oui
BATI MATERIAUX BERUS; 896992; Non; Oui
GAVRAIMAT ETOUVY; 897051; Non; Oui
LAMARENIE & FILS MOISSAC; 897057; Non; Oui
GONCALVES MATERIAUX CAUMONT L'EVENT; 898400; Non; Oui
COUVRAT ALAIN L'ISLE JOURDAIN; 898421; Non; Oui
DESCAMPS DIFFUSION; 898423; Oui; Non
PANOFRANCE MAILLAUD ANGERS; 898430; Oui; Non
MARIBON FERRET EAUZE; 898432; Oui; Non
GARANDEAU MATERIAUX CHAUNAY; 898453; Non; Oui
ROYAL 78; 901139; Non; Oui
AU FORUM DU BATIMENT CHAMBLY; 903265; Non; Oui
COVAP S.A. LA CHAIZE LE VICOMTE; 904709; Non; Oui
FRANCOIS MATERIAUX SAS BARAQUEVILLE; 906710; Oui; Non
CHAUSSON MATX/TOULOUSE; 909065; Non; Oui
CHAUSSON FACADES/TRESSES; 944749; Non; Oui
GEO STAFF - 95; 687206; Non; Oui
CO.LO.MAT; 1048918; Oui; Non
CORB; 1006390; Non; Oui
SIEGE VM DISTRIBUTION; 1014317; Non; Oui
UNION MATERIAUX NARBONNE DEPOT 2; 1020228; Non; Oui
VM DISTRIBUTION AYTRE; 1027829; Non; Oui
FEMAT; 1037081; Non; Oui
BV & FILS; 1037788; Non; Oui
DMBP DISPANO SAINT PRIEST; 697953; Non; Oui
BATI DECOR; 971326; Non; Oui
ISOLDRY; 993402; Non; Oui
LAURINE DECO ANJOU; 997345; Non; Oui
ASTURIENNE BEAUVAIS; 83337; Non; Oui
FERRAT CHOLLEY; 1049261; Oui; Non
PEINTEA WISSOUS; 1055721; Non; Oui
PEINTEA BAGNOLET; 1055736; Non; Oui
KLY GROUPE; 1060609; Non; Oui
NEGOCE ESPACE FACADE; 1066230; Non; Oui
AXDIS PRO; 1073779; Non; Oui
CHAUSSON MATX/HOYMILLE; 699157; Non; Oui
DESTOCK VALENTON; 1079450; Non; Oui
LARIVIERE LAVAL; 1080324; Non; Oui
2 CAPS MATERIAUX; 1092128; Oui; Non
PEINTEA SD COLOR; 1092559; Non; Oui
ID COLOR 78; 1108052; Non; Oui
JUSTIN BLEGER SELESTAT; 700546; Oui; Non
BIGMAT MAITRE; 1123234; Oui; Non
POINT P PLATEFORME - BMCE 4374; 1141780; Non; Oui
POINT P BMRA 1264 LA BATHIE; 1140039; Non; Oui
POINT P IDF-ClientsRégionaux 91/94(; 1140896; Non; Oui
SODIMAC; 1123122; Oui; Non
AM TRADE CONSULTING SAS; 1162706; Non; Oui
BATIR SA; 1158157; Non; Oui
MATX MODERNES FRONTIGNAN; 1167198; Oui; Non
MATX MODERNES THEZAN; 1167097; Oui; Non
MATX MODERNES VENDARGUES; 1167199; Non; Oui
VAUDREY LAGNY; 1160285; Non; Oui
CIFFREO BONA FREJUS; 1171897; Non; Oui
LARIVIERE ARGONAY; 1175851; Non; Oui
PEINTURES DE PARIS; 1184128; Non; Oui
PEINTURES VALBERT LYON; 904984; Non; Oui
