CHAUSSON MATX/AIGURANDE; 684771; Non; Oui
SAINT LEONARD MATERIAUX; 685226; Oui; Non
BAUDE BILLET M.T.C.; 685234; Non; Oui
CCL COLOMIERS; 275783; Oui; Non
CHAUSSON MATX/COLOMIERS 1; 685471; Oui; Non
CHAUSSON SO RABASTENS; 11794; Oui; Non
INDUSTRIE PREFAB. NEGOCE; 685841; Oui; Non
CF DISTRIBUTION; 685951; Oui; Non
AUX MILLE ET UNE TEINTES; 686118; Oui; Non
DANTHON FRERES VIRIEU; 686728; Non; Oui
MATERIAUX SIMC VITROLLES; 724279; Oui; Non
CHAUSSON MATX/VOUNEUIL; 687293; Oui; Non
VM DISTRIBUTION VOUNEUIL; 687302; Non; Oui
DOUSSELIN&GEOFFRAY JACQUET; 687458; Oui; Non
GEDIMAT FAREL-CLAVEL ROCHEFORT; 687569; Non; Oui
BARNIER SARL; 688246; Oui; Non
M+ ROQUES; 688374; Oui; Non
AUBER CARRELAGE; 688610; Oui; Non
SOCAMAC AURILLAC; 689393; Oui; Non
DISTRIB RURAL TECHNIC DRT MAROLLES; 689674; Oui; Non
SELIMAT; 691025; Non; Oui
CHAUSSON MATX/FONSEGRIVE; 691349; Oui; Non
MOUSSE ROBERT; 691528; Oui; Non
BATTAGLIA-SOUMEILHAN SARL; 692191; Oui; Non
POINT P TROUILLARD SA TERRIERE; 692231; Oui; Non
CHAUSSON MATX/ST DOULCHARD; 692334; Oui; Non
PANOFRANCE BOURGES; 692339; Oui; Non
LES MATERIAUX MODERNES; 693415; Oui; Non
D.B.M MAT ST GILLES; 693568; Oui; Non
ALKERN NORD LES ANDELYS; 693575; Oui; Non
CHAUSSON MATX/MEYTHET; 694049; Non; Oui
CHAUSSON MATX/NIORT (GROS OEUVRE); 694167; Oui; Non
DIDIER MATERIAUX VALENCE; 694680; Non; Oui
POINT P LA MERIDIONALE FORMIGUERES; 694786; Non; Oui
POINT P - BMCE 4047 ST JUNIEN; 695005; Oui; Non
CHADAPAUX S A; 695440; Oui; Non
POINT P - DOCKS DE L'OISE BOHAIN; 695598; Oui; Non
S.E.I. SA; 695773; Oui; Non
COMASUD (POINT P GAREOULT); 695908; Oui; Non
POINT P LA MERIDIONALE BOLQUERE; 695932; Non; Oui
BDM - ETS YVON & FILS SARGE LE MANS; 298738; Oui; Non
SFIC GENNEVILLIERS THERMIQUE; 696170; Oui; Non
POINT P - BMSO FLOIRAC; 696348; Non; Oui
AU FORUM DU BATIMENT ST OUEN; 697320; Oui; Non
SAMSE - MONTPEZAT 810; 697420; Non; Oui
GREGOIRE ETS; 697584; Oui; Non
SEREP SARL BOURG ST MAURICE; 697849; Oui; Non
SAMSE GROUPE - GRENOBLE; 697921; Oui; Non
LA BOITE A OUTILS; 698702; Oui; Non
SAMSE PLATEFORME LOG APPRO; 698705; Oui; Non
CHAUSSON MATX/ST ALBAN CARRELAGES; 698757; Oui; Non
C.F.C.M.C. CIE FSE CAMIONAG; 699463; Oui; Non
JOLY LOCATION SARL; 699638; Non; Non
ROY (ETS) SCIERIE; 10375; Oui; Non
NOUVOBOIS MATERIAUX SARL; 700175; Non; Oui
POINT P - BMSO 3689 NIORT; 700206; Non; Oui
CHAUSSON MATX CARRELAGES/JUVIGNAC; 700394; Oui; Non
VM PLATEFORME MATERIAUX; 700556; Oui; Non
POINT P LA MERIDIONALE-MAT+ SERNHAC; 700770; Non; Oui
MULTI SERVICE BRICOLAGE SA; 701227; Non; Oui
SAUNIER ETS; 701427; Oui; Non
CHAUSSON MATX/CHALON; 701907; Oui; Non
BRAY CHARLY SUR MARNE; 702569; Non; Oui
PERCY MATERIAUX; 703013; Oui; Non
MATERIAUX SIMC LA GARDE; 703217; Oui; Non
BILLORE MATERIAUX SARL; 703327; Oui; Non
BONIFAY LA LONDE; 703480; Oui; Non
TOUJAS ET COLL; 703946; Oui; Non
CHAUSSON MATX/PAZIOLS; 704108; Non; Oui
RUAUX AGRICOLE ETS ST PIERRE SUR D.; 704211; Oui; Non
SAS MATERIAUX CARRELAGE MIDI; 704673; Non; Non
CHAUSSON MATX/PINSAGUEL; 704835; Oui; Non
LABENNE ROUGIER SNC LA TESTE; 704866; Oui; Non
LABENNE ROUGIER SNC LACANAU; 705066; Oui; Non
DECO PAV - CERAMICUM; 705297; Oui; Non
SAMSE - LARGENTIERE; 705537; Non; Oui
CHAUSSON MATX/P-FORME LAVAUR AUTO; 705650; Oui; Non
SAMSE - MDA; 705719; Oui; Non
IDF PLANCHERS SAS; 705761; Oui; Non
CHAUSSON MATX/PORTES LES VALENCE; 705850; Oui; Non
KILBURG MATERIAUX - BIGMAT LE TEIL; 707492; Non; Non
CHAUSSON MATX/LIMOGES; 707978; Oui; Non
GIRARDON MATERIAUX - AMPUIS; 708170; Oui; Non
ALPES COULEUR DECORATION; 748132; Oui; Non
GIRARDON MATERIAUX - ST PRIEST; 763461; Oui; Non
BATIBOIS ALSACE; 11476; Oui; Non
PONTCHARRA MATERIAUX - SMCP; 771961; Oui; Non
GABRIEL * SAS ISSOIRE; 20900; Oui; Non
CIBA OUARY; 11082; Oui; Non
HENRY PIERRE ET FILS; 86446; Oui; Non
LOIRE MATERIAUX SORBIERS; 10934; Oui; Non
VETERMAT BORDEAUX; 794809; Oui; Non
PANOFRANCE FOUSSIER LE MANS; 11552; Non; Oui
LANCERY SAFIRE; 12002; Oui; Non
CUB SAS; 803203; Oui; Non
CHAUSSON SE NOYAREY; 977113; Oui; Non
BOYE (ETS)*  BORDEAUX; 10707; Oui; Non
MARMANDE MOUSSE (EURL); 845086; Oui; Non
ENDUIT DIFFUSION 78 BATVERT; 847140; Oui; Non
CAYREYRE PONT DE LABEAUME; 848753; Non; Non
MILLIANE S.A. MAZERES; 848760; Oui; Non
BRICO ARIZE FOURNIE ET FILS LE MAS; 848761; Oui; Non
SA LES BOIS CABANNAIS LES CABANNES; 848762; Oui; Non
BERTRAND MATERIAUX LAISSAC; 848776; Oui; Non
BRUNET MATERIAUX JURQUES; 848802; Non; Oui
FOURGEAUD MATERIAUX ROUMAZIERES LOU; 848827; Oui; Non
BOIS DECO LA ROCHELLE; 848839; Oui; Non
ARCOURT ET FILS PONS; 848868; Oui; Non
JEANNEAU SA PONS; 848869; Oui; Non
BATILOISIRS BIGMAT CHATEAUMEILLANT; 848878; Oui; Non
BOUDARD * GOUZON; 10478; Oui; Non
CORBIER CHAMBORIGAUD; 848996; Non; Oui
RAMONDOU & FILS ETS AYGUESVIVES; 849006; Oui; Non
RIU SARL BLM CONDOM; 849015; Oui; Non
SCCOBAPI SARL SAMATAN; 849017; Oui; Non
DALIES & FILS ETS CAZAUBON; 849018; Oui; Non
NOEL BERNARD MIELAN; 849019; Oui; Non
DATAS FRERES VIC FEZENSAC; 849020; Non; Oui
R. DALIES & FILS LIAS D'ARMAGNAC; 849021; Oui; Non
MARIBON FERRET VALENCE SUR BAISE; 849025; Non; Oui
RBS LA BOITE A OUTILS SAMSE GRENOBL; 849094; Oui; Non
STE GEDIRALP REVENTIN VAUGRIS; 849095; Oui; Non
GEDIMAT - MONTAGNAT JARDIN; 849096; Non; Oui
PUISEAUX MATERIAUX; 1249749; Non; Oui
BONNEFOY PASCAL GRANDRIEU; 849172; Oui; Non
POINT P SONEN PONTORSON; 849177; Non; Oui
AVRANCHES MATERIAUX LE VAL ST PERE; 849180; Oui; Non
ISOPAR 59 SECLIN; 849274; Oui; Non
BATI SERVICE MONTIGNY EN OSTREVENT; 849278; Non; Oui
WACQUIER ET CIE SARL ORCHIES; 849282; Non; Oui
MEURANT MAUBEUGE; 95892; Non; Oui
DESCAMPS MARCQ SAS; 55097; Non; Oui
PANOFRANCE LESQUIN; 849297; Oui; Non
VAILLANT NORRENT FONTES; 849309; Non; Non
MILBLED-WIMEZ LONGUENESSE; 849314; Non; Non
ARTOIS ISBERGUES; 849318; Non; Non
GOBLET FRERES ST MARTIN AU LAERT; 849323; Non; Non
LAMOUR ETAPLES; 849325; Oui; Non
PARTEDIS BOIS MATERIAUX CLERMONT; 849330; Oui; Non
JUSTIN BLEGER STRASBOURG; 849362; Non; Oui
TOUT POUR LA CONSTRUCTION; 849375; Oui; Non
POINT P CIBOMAT SA LEHMANN HAGUENAU; 849380; Oui; Non
CLAUSS MOSBACH MARLENHEIM; 849382; Oui; Non
DMBP DISPANO SCHWEIGHOUSE; 55039; Oui; Non
TUILERIE DE NIDERVILLER SAVERNE; 849387; Oui; Non
HEMONT MATERIAUX ALTKIRCH; 849393; Oui; Non
COMPTOIR DES BOIS ENSISHEIM; 849394; Oui; Non
LIMABAT HESINGUE; 849397; Oui; Non
RUNSER MICHELBACH LE HAUT; 849399; Oui; Non
DMBP DISPANO KINGERSHEIM; 361196; Oui; Non
HENNY SELIG JEBSHEIM; 849404; Oui; Non
OESTERLE SA LUTTERBACH; 849405; Oui; Non
ETABLISSEMENTS BAUEMLIN WALDIGHOFFE; 849409; Oui; Non
SAUTER ET CIE BLODELSHEIM; 849413; Oui; Non
SPIELMANN MATERIAUX BERGHEIM; 849414; Oui; Non
MERLI MOSAIQUE WILLER SUR THUR; 849415; Oui; Non
VIBRAYE MATERIAUX VIBRAYE; 849447; Oui; Non
LAMBERT MATERIAUX MAYET; 849448; Oui; Non
A.B.C. MATERIAUX LA FERTE BERNARD; 849450; Oui; Non
PITOIS CHAMPAGNE; 849451; Oui; Non
LANVERS MATERIAUX SAS NERNIER; 849459; Oui; Non
LARIVIERE CHELLES; 12440; Oui; Non
BESSIERE MATERIAUX VILLEFRANCHE D'A; 849529; Oui; Non
OCEANE DE MATX BIGMAT NOIRMOUTIER; 849555; Oui; Non
LIMOUSIN MATERIAUX; 1146144; Oui; Non
MESNIL MATERIAUX LE BLANC MESNIL; 849630; Non; Oui
ASTURIENNE STE CATHERINE LES ARRAS; 12341; Non; Non
BOIS MAURIS ODDOS SEYSSINS; 10865; Oui; Non
PICARD MATERIAUX; 861710; Oui; Non
DMBP DISPANO ALFORTVILLE; 306463; Oui; Non
TANGUY MD SOURDEVAL; 889273; Non; Oui
MORIN LEVROUX; 893233; Oui; Non
AGYMAT SARL; 893244; Oui; Non
QUEGUINER MATERIAUX SAS QUIMPERLE; 893885; Non; Oui
GIE BASE LOGISTIQUE; 896005; Oui; Non
PANOFRANCE MAILLAUD NANTES; 896879; Oui; Non
LABOISSIERE BOIS ET DERIVES; 896907; Oui; Non
DENIS MATERIAUX NORMANDIE MEAUTIS; 896929; Non; Oui
MATERIAUX DARNAND MARBOZ; 896942; Non; Oui
YENNE MATERIAUX YENNE; 896966; Oui; Non
DIGEMAT BARTENHEIM; 896985; Oui; Non
BARILLET CHATEAUNEUF SUR LOIRE; 896986; Oui; Non
DEMUSSI GUERET; 896988; Oui; Non
BATI MATERIAUX BERUS; 896992; Oui; Non
GAVRAIMAT ETOUVY; 897051; Oui; Non
LAMARENIE & FILS MOISSAC; 897057; Oui; Non
GONCALVES MATERIAUX CAUMONT L'EVENT; 898400; Oui; Non
COUVRAT ALAIN L'ISLE JOURDAIN; 898421; Oui; Non
DESCAMPS DIFFUSION; 898423; Non; Oui
PANOFRANCE MAILLAUD ANGERS; 898430; Non; Oui
MARIBON FERRET EAUZE; 898432; Non; Oui
GARANDEAU MATERIAUX CHAUNAY; 898453; Oui; Non
ROYAL 78; 901139; Oui; Non
AU FORUM DU BATIMENT CHAMBLY; 903265; Oui; Non
COVAP S.A. LA CHAIZE LE VICOMTE; 904709; Oui; Non
FRANCOIS MATERIAUX SAS BARAQUEVILLE; 906710; Non; Oui
CHAUSSON MATX/TOULOUSE EXPRESS; 909065; Oui; Non
CHAUSSON FACADES/TRESSES; 944749; Oui; Non
GEO STAFF - 95; 687206; Oui; Non
CO.LO.MAT; 1048918; Non; Oui
CORB; 1006390; Oui; Non
SIEGE VM DISTRIBUTION; 1014317; Oui; Non
UNION MATERIAUX NARBONNE DEPOT 2; 1020228; Oui; Non
VM DISTRIBUTION AYTRE; 1027829; Oui; Non
FEMAT; 1037081; Oui; Non
PEINTEA SAS BV ET FILS; 1037788; Oui; Non
DMBP DISPANO SAINT PRIEST; 697953; Oui; Non
BATI DECOR; 971326; Oui; Non
ISOLDRY; 993402; Oui; Non
LAURINE DECO ANJOU; 997345; Oui; Non
ASTURIENNE BEAUVAIS; 83337; Oui; Non
FERRAT CHOLLEY; 1049261; Non; Oui
PEINTEA WISSOUS; 1055721; Oui; Non
PEINTEA BAGNOLET; 1055736; Oui; Non
KLY GROUPE; 1060609; Oui; Non
NEGOCE ESPACE FACADE; 1066230; Oui; Non
AXDIS PRO; 1073779; Oui; Non
BOIS & MATERIAUX HOYMILLE; 699157; Oui; Non
DESTOCK VALENTON; 1079450; Oui; Non
LARIVIERE LAVAL; 1080324; Oui; Non
2 CAPS MATERIAUX; 1092128; Non; Oui
PEINTEA SD COLOR; 1092559; Oui; Non
ID COLOR 78; 1108052; Oui; Non
JUSTIN BLEGER SELESTAT; 700546; Non; Oui
BIGMAT MAITRE; 1123234; Non; Oui
POINT P - BMCE 3378 CHATEAUROUX (B.; 1141780; Oui; Non
POINT P BMRA 1264 LA BATHIE; 1140039; Oui; Non
POINT P IDF-ClientsRégionaux 91/94(; 1140896; Oui; Non
SODIMAC; 1123122; Non; Oui
AM TRADE CONSULTING SAS; 1162706; Oui; Non
BATIR SA; 1158157; Oui; Non
MATX MODERNES FRONTIGNAN; 1167198; Non; Oui
MATX MODERNES THEZAN; 1167097; Non; Oui
MATX MODERNES VENDARGUES; 1167199; Oui; Non
VAUDREY LAGNY; 1160285; Oui; Non
CIFFREO BONA FREJUS; 1171897; Oui; Non
LARIVIERE ARGONAY; 1175851; Oui; Non
PEINTURES DE PARIS; 1184128; Oui; Non
PEINTURES VALBERT LYON; 904984; Oui; Non
